-- MySQL dump 10.13  Distrib 5.5.46, for debian-linux-gnu (x86_64)
--
-- Host: localhost    Database: mathcountsgrading
-- ------------------------------------------------------
-- Server version	5.5.46-0ubuntu0.14.04.2

/*!40101 SET @OLD_CHARACTER_SET_CLIENT=@@CHARACTER_SET_CLIENT */;
/*!40101 SET @OLD_CHARACTER_SET_RESULTS=@@CHARACTER_SET_RESULTS */;
/*!40101 SET @OLD_COLLATION_CONNECTION=@@COLLATION_CONNECTION */;
/*!40101 SET NAMES utf8 */;
/*!40103 SET @OLD_TIME_ZONE=@@TIME_ZONE */;
/*!40103 SET TIME_ZONE='+00:00' */;
/*!40014 SET @OLD_UNIQUE_CHECKS=@@UNIQUE_CHECKS, UNIQUE_CHECKS=0 */;
/*!40014 SET @OLD_FOREIGN_KEY_CHECKS=@@FOREIGN_KEY_CHECKS, FOREIGN_KEY_CHECKS=0 */;
/*!40101 SET @OLD_SQL_MODE=@@SQL_MODE, SQL_MODE='NO_AUTO_VALUE_ON_ZERO' */;
/*!40111 SET @OLD_SQL_NOTES=@@SQL_NOTES, SQL_NOTES=0 */;

--
-- Table structure for table `competition`
--

DROP TABLE IF EXISTS `competition`;
/*!40101 SET @saved_cs_client     = @@character_set_client */;
/*!40101 SET character_set_client = utf8 */;
CREATE TABLE `competition` (
  `CID` int(11) NOT NULL AUTO_INCREMENT,
  `competition_date` date NOT NULL,
  `competition_level` enum('chapter','state','national') DEFAULT NULL,
  `competition_name` varchar(100) DEFAULT NULL,
  `CTID` int(11) NOT NULL,
  PRIMARY KEY (`CID`)
) ENGINE=InnoDB AUTO_INCREMENT=48 DEFAULT CHARSET=latin1;
/*!40101 SET character_set_client = @saved_cs_client */;

--
-- Dumping data for table `competition`
--

LOCK TABLES `competition` WRITE;
/*!40000 ALTER TABLE `competition` DISABLE KEYS */;
INSERT INTO `competition` VALUES (45,'2017-02-16','state','First competition',1),(46,'2017-03-31','chapter','Big Test',1),(47,'2017-04-12','chapter','IMLEM Test',2);
/*!40000 ALTER TABLE `competition` ENABLE KEYS */;
UNLOCK TABLES;

--
-- Table structure for table `competition_answers`
--

DROP TABLE IF EXISTS `competition_answers`;
/*!40101 SET @saved_cs_client     = @@character_set_client */;
/*!40101 SET character_set_client = utf8 */;
CREATE TABLE `competition_answers` (
  `CID` int(11) NOT NULL,
  `RNDID` int(11) NOT NULL,
  `problem_number` int(11) NOT NULL,
  `answer` varchar(100) NOT NULL,
  `tie_index` tinyint(4) DEFAULT NULL
) ENGINE=InnoDB DEFAULT CHARSET=latin1;
/*!40101 SET character_set_client = @saved_cs_client */;

--
-- Dumping data for table `competition_answers`
--

LOCK TABLES `competition_answers` WRITE;
/*!40000 ALTER TABLE `competition_answers` DISABLE KEYS */;
INSERT INTO `competition_answers` VALUES (45,1,1,'8',NULL),(45,1,2,'9',NULL),(45,1,3,'89',NULL),(45,1,4,'89',NULL),(45,1,5,'89',NULL),(45,1,6,'9',NULL),(45,1,7,'8',NULL),(45,1,8,'8',NULL),(45,1,9,'98',NULL),(45,1,10,'98',NULL),(45,1,11,'98',NULL),(45,1,12,'98',NULL),(45,1,13,'9',NULL),(45,1,14,'9',NULL),(45,1,15,'89',NULL),(45,1,16,'89',NULL),(45,1,17,'8988',NULL),(45,1,18,'98',NULL),(45,1,19,'98',NULL),(45,1,20,'98',NULL),(45,1,21,'9',NULL),(45,1,22,'98',NULL),(45,1,23,'99',NULL),(45,1,24,'8',NULL),(45,1,25,'9',NULL),(45,1,26,'89',NULL),(45,1,27,'8',NULL),(45,1,28,'98',NULL),(45,1,29,'',NULL),(45,1,30,'',NULL),(45,6,1,'89',NULL),(45,6,2,'97',NULL),(45,6,3,'897',NULL),(45,6,4,'897',NULL),(45,6,5,'897',NULL),(45,6,6,'9',NULL),(45,6,7,'797',NULL),(45,6,8,'9',NULL),(45,6,9,'789',NULL),(45,6,10,'78',NULL),(45,2,1,'798',NULL),(45,2,2,'7',NULL),(45,3,1,'78',NULL),(45,3,2,'78',NULL),(45,4,1,'789',NULL),(45,4,2,'7',NULL),(45,5,1,'2',NULL),(45,5,2,'2',NULL),(46,1,1,'1',NULL),(46,1,2,'2',NULL),(46,1,3,'3',NULL),(46,1,4,'4',NULL),(46,1,5,'5',NULL),(46,1,6,'6',NULL),(46,1,7,'7',NULL),(46,1,8,'8',NULL),(46,1,9,'9',NULL),(46,1,10,'10',NULL),(46,1,11,'11',NULL),(46,1,12,'12',NULL),(46,1,13,'13',NULL),(46,1,14,'14',NULL),(46,1,15,'15',NULL),(46,1,16,'16',NULL),(46,1,17,'17',NULL),(46,1,18,'18',NULL),(46,1,19,'19',NULL),(46,1,20,'20',NULL),(46,1,21,'21',NULL),(46,1,22,'22',NULL),(46,1,23,'23',NULL),(46,1,24,'24',NULL),(46,1,25,'25',NULL),(46,1,26,'26',NULL),(46,1,27,'27',NULL),(46,1,28,'28',NULL),(46,1,29,'29',NULL),(46,1,30,'30',NULL),(46,6,1,'8',NULL),(46,6,2,'8',NULL),(46,6,3,'8',NULL),(46,6,4,'8',NULL),(46,6,5,'8',NULL),(46,6,6,'8',NULL),(46,6,7,'8',NULL),(46,6,8,'9',NULL),(46,6,9,'8',NULL),(46,6,10,'8',NULL),(46,2,1,'1',NULL),(46,2,2,'2',NULL),(46,3,1,'1',NULL),(46,3,2,'2',NULL),(46,4,1,'1',NULL),(46,4,2,'2',NULL),(46,5,1,'1',NULL),(46,5,2,'2',NULL),(47,7,1,'1',NULL),(47,7,2,'2',NULL),(47,7,3,'3',NULL),(47,8,1,'4',NULL),(47,8,2,'5',NULL),(47,8,3,'6',NULL),(47,9,1,'7',NULL),(47,9,2,'8',NULL),(47,9,3,'9',NULL),(47,10,1,'10',NULL),(47,10,2,'11',NULL),(47,10,3,'12',NULL),(47,11,1,'13',NULL),(47,11,2,'14',NULL),(47,11,3,'15',NULL),(47,12,1,'1',NULL),(47,12,2,'2',NULL),(47,12,3,'3',NULL),(47,12,4,'4',NULL),(47,12,5,'5',NULL),(47,12,6,'6',NULL),(47,12,7,'7',NULL),(47,12,8,'8',NULL),(47,12,9,'9',NULL);
/*!40000 ALTER TABLE `competition_answers` ENABLE KEYS */;
UNLOCK TABLES;

--
-- Table structure for table `competition_participants`
--

DROP TABLE IF EXISTS `competition_participants`;
/*!40101 SET @saved_cs_client     = @@character_set_client */;
/*!40101 SET character_set_client = utf8 */;
CREATE TABLE `competition_participants` (
  `CID` int(11) NOT NULL,
  `SCID` int(11) NOT NULL
) ENGINE=InnoDB DEFAULT CHARSET=latin1;
/*!40101 SET character_set_client = @saved_cs_client */;

--
-- Dumping data for table `competition_participants`
--

LOCK TABLES `competition_participants` WRITE;
/*!40000 ALTER TABLE `competition_participants` DISABLE KEYS */;
INSERT INTO `competition_participants` VALUES (45,741),(45,742),(45,743),(46,741),(46,743),(47,741),(47,743),(47,742);
/*!40000 ALTER TABLE `competition_participants` ENABLE KEYS */;
UNLOCK TABLES;

--
-- Table structure for table `competition_status`
--

DROP TABLE IF EXISTS `competition_status`;
/*!40101 SET @saved_cs_client     = @@character_set_client */;
/*!40101 SET character_set_client = utf8 */;
CREATE TABLE `competition_status` (
  `CID` int(11) NOT NULL,
  `RNDID` int(11) NOT NULL,
  `status` float(6,4) DEFAULT NULL
) ENGINE=InnoDB DEFAULT CHARSET=latin1;
/*!40101 SET character_set_client = @saved_cs_client */;

--
-- Dumping data for table `competition_status`
--

LOCK TABLES `competition_status` WRITE;
/*!40000 ALTER TABLE `competition_status` DISABLE KEYS */;
INSERT INTO `competition_status` VALUES (45,1,0.2077),(45,6,0.3333),(45,3,0.1538),(46,1,0.5000),(46,6,1.0000),(46,2,0.3125),(46,3,0.1250),(46,4,0.0000),(46,5,0.0000),(47,7,0.2308),(47,8,0.1795),(47,9,0.1538),(47,10,0.1538),(47,11,0.1538),(47,12,1.0000);
/*!40000 ALTER TABLE `competition_status` ENABLE KEYS */;
UNLOCK TABLES;

--
-- Table structure for table `competition_type`
--

DROP TABLE IF EXISTS `competition_type`;
/*!40101 SET @saved_cs_client     = @@character_set_client */;
/*!40101 SET character_set_client = utf8 */;
CREATE TABLE `competition_type` (
  `CTID` int(11) NOT NULL AUTO_INCREMENT,
  `type_name` varchar(100) DEFAULT NULL,
  `num_alternates` int(11) NOT NULL,
  `num_regulars` int(11) NOT NULL,
  `num_graders_to_confirm` int(11) NOT NULL,
  `grade_average` tinyint(1) DEFAULT NULL,
  PRIMARY KEY (`CTID`)
) ENGINE=InnoDB AUTO_INCREMENT=3 DEFAULT CHARSET=latin1;
/*!40101 SET character_set_client = @saved_cs_client */;

--
-- Dumping data for table `competition_type`
--

LOCK TABLES `competition_type` WRITE;
/*!40000 ALTER TABLE `competition_type` DISABLE KEYS */;
INSERT INTO `competition_type` VALUES (1,'Mathcounts',10,5,2,1),(2,'IMLEM',10,15,2,0);
/*!40000 ALTER TABLE `competition_type` ENABLE KEYS */;
UNLOCK TABLES;

--
-- Table structure for table `current_competition`
--

DROP TABLE IF EXISTS `current_competition`;
/*!40101 SET @saved_cs_client     = @@character_set_client */;
/*!40101 SET character_set_client = utf8 */;
CREATE TABLE `current_competition` (
  `CID` int(40) DEFAULT NULL
) ENGINE=InnoDB DEFAULT CHARSET=latin1;
/*!40101 SET character_set_client = @saved_cs_client */;

--
-- Dumping data for table `current_competition`
--

LOCK TABLES `current_competition` WRITE;
/*!40000 ALTER TABLE `current_competition` DISABLE KEYS */;
INSERT INTO `current_competition` VALUES (47);
/*!40000 ALTER TABLE `current_competition` ENABLE KEYS */;
UNLOCK TABLES;

--
-- Table structure for table `grader_responses`
--

DROP TABLE IF EXISTS `grader_responses`;
/*!40101 SET @saved_cs_client     = @@character_set_client */;
/*!40101 SET character_set_client = utf8 */;
CREATE TABLE `grader_responses` (
  `CID` int(11) NOT NULL,
  `SID` int(11) NOT NULL,
  `UID` int(11) NOT NULL,
  `problem_number` int(11) NOT NULL,
  `RNDID` int(11) NOT NULL,
  `answer` varchar(100) DEFAULT NULL,
  `RID` int(11) NOT NULL AUTO_INCREMENT,
  PRIMARY KEY (`RID`)
) ENGINE=InnoDB AUTO_INCREMENT=424 DEFAULT CHARSET=latin1;
/*!40101 SET character_set_client = @saved_cs_client */;

--
-- Dumping data for table `grader_responses`
--

LOCK TABLES `grader_responses` WRITE;
/*!40000 ALTER TABLE `grader_responses` DISABLE KEYS */;
INSERT INTO `grader_responses` VALUES (45,11188,12,1,1,'8',106),(45,11188,12,2,1,'8',107),(45,11188,12,3,1,'8',108),(45,11188,12,4,1,'8',109),(45,11188,12,5,1,'8',110),(45,11188,12,6,1,'',111),(45,11188,12,7,1,'',112),(45,11188,12,8,1,'',113),(45,11188,12,9,1,'',114),(45,11188,12,10,1,'',115),(45,11188,12,11,1,'',116),(45,11188,12,12,1,'',117),(45,11188,12,13,1,'',118),(45,11188,12,14,1,'',119),(45,11188,12,15,1,'',120),(45,11188,12,16,1,'',121),(45,11188,12,17,1,'',122),(45,11188,12,18,1,'',123),(45,11188,12,19,1,'',124),(45,11188,12,20,1,'',125),(45,11188,12,21,1,'',126),(45,11188,12,22,1,'',127),(45,11188,12,23,1,'',128),(45,11188,12,24,1,'',129),(45,11188,12,25,1,'',130),(45,11188,12,26,1,'',131),(45,11188,12,27,1,'',132),(45,11188,12,28,1,'',133),(45,11188,12,29,1,'',134),(45,11188,12,30,1,'',135),(45,11188,10,1,1,'9',136),(45,11188,10,2,1,'89',137),(45,11188,10,3,1,'9',138),(45,11188,10,4,1,'89',139),(45,11188,10,5,1,'89',140),(45,11188,10,6,1,'',141),(45,11188,10,7,1,'',142),(45,11188,10,8,1,'',143),(45,11188,10,9,1,'',144),(45,11188,10,10,1,'',145),(45,11188,10,11,1,'',146),(45,11188,10,12,1,'',147),(45,11188,10,13,1,'',148),(45,11188,10,14,1,'',149),(45,11188,10,15,1,'',150),(45,11188,10,16,1,'',151),(45,11188,10,17,1,'',152),(45,11188,10,18,1,'',153),(45,11188,10,19,1,'',154),(45,11188,10,20,1,'',155),(45,11188,10,21,1,'',156),(45,11188,10,22,1,'',157),(45,11188,10,23,1,'',158),(45,11188,10,24,1,'',159),(45,11188,10,25,1,'',160),(45,11188,10,26,1,'',161),(45,11188,10,27,1,'',162),(45,11188,10,28,1,'',163),(45,11188,10,29,1,'',164),(45,11188,10,30,1,'',165),(45,0,10,4,1,'88787',166),(45,11188,10,1,1,'7878787878',167),(45,11188,10,2,1,'78',168),(45,11188,10,3,1,'7',169),(45,11188,10,4,1,'8',170),(45,11188,10,5,1,'',171),(45,11192,12,1,1,'8',172),(45,11192,12,2,1,'98',173),(45,11192,12,3,1,'9',174),(45,11192,12,4,1,'89',175),(45,11192,12,5,1,'89',176),(45,11192,12,6,1,'89',177),(45,11192,12,7,1,'89',178),(45,11192,12,8,1,'8',179),(45,11192,12,9,1,'9',180),(45,11192,12,10,1,'',181),(45,11192,12,11,1,'',182),(45,11192,12,12,1,'',183),(45,11192,12,13,1,'',184),(45,11192,12,14,1,'',185),(45,11192,12,15,1,'',186),(45,11192,12,16,1,'',187),(45,11192,12,17,1,'',188),(45,11192,12,18,1,'',189),(45,11192,12,19,1,'',190),(45,11192,12,20,1,'',191),(45,11192,12,21,1,'',192),(45,11192,12,22,1,'',193),(45,11192,12,23,1,'',194),(45,11192,12,24,1,'',195),(45,11192,12,25,1,'',196),(45,11192,12,26,1,'',197),(45,11192,12,27,1,'',198),(45,11192,12,28,1,'',199),(45,11192,12,29,1,'',200),(45,11192,12,30,1,'',201),(45,11192,10,1,1,'8',202),(45,11192,10,2,1,'9',203),(45,11192,10,3,1,'90',204),(45,11192,10,4,1,'5',205),(45,11192,10,5,1,'454',206),(45,11192,10,6,1,'54',207),(45,11192,10,7,1,'',208),(45,11192,10,8,1,'',209),(45,11192,10,9,1,'',210),(45,11192,10,10,1,'',211),(45,11192,10,11,1,'',212),(45,11192,10,12,1,'',213),(45,11192,10,13,1,'',214),(45,11192,10,14,1,'',215),(45,11192,10,15,1,'',216),(45,11192,10,16,1,'',217),(45,11192,10,17,1,'',218),(45,11192,10,18,1,'',219),(45,11192,10,19,1,'',220),(45,11192,10,20,1,'',221),(45,11192,10,21,1,'',222),(45,11192,10,22,1,'',223),(45,11192,10,23,1,'',224),(45,11192,10,24,1,'',225),(45,11192,10,25,1,'',226),(45,11192,10,26,1,'',227),(45,11192,10,27,1,'',228),(45,11192,10,28,1,'',229),(45,11192,10,29,1,'',230),(45,11192,10,30,1,'',231),(45,0,10,8,1,'hj',232),(45,11192,10,1,1,'kj',233),(45,11192,10,2,1,'hk',234),(45,11192,10,3,1,'jh',235),(45,11192,10,4,1,'kjh',236),(45,11192,10,5,1,'',237),(45,11192,10,6,1,'',238),(45,11195,10,1,4,'7',239),(45,11195,10,2,4,'7',240),(45,11186,10,1,3,'8',241),(45,11186,10,2,3,'8',242),(46,11183,10,1,1,'1',243),(46,11183,10,1,1,'66',244),(46,11183,10,2,1,'',245),(46,11183,10,2,1,'2',246),(46,11183,10,3,1,'3',247),(46,11183,10,4,1,'4',248),(46,11183,10,5,1,'5',249),(46,11183,10,6,1,'5',250),(46,11183,10,7,1,'5',251),(46,11183,10,8,1,'5',252),(46,11183,10,9,1,'6',253),(46,11183,10,10,1,'10',254),(46,11183,10,11,1,'1',255),(46,11183,10,12,1,'12',256),(46,11183,10,13,1,'13',257),(46,11183,10,14,1,'14',258),(46,11183,10,15,1,'15',259),(46,11183,10,16,1,'16',260),(46,11183,10,17,1,'17',261),(46,11183,10,18,1,'18',262),(46,11183,10,19,1,'19',263),(46,11183,10,20,1,'20',264),(46,11183,10,21,1,'21',265),(46,11183,10,22,1,'22',266),(46,11183,10,23,1,'23',267),(46,11183,10,24,1,'24',268),(46,11183,10,25,1,'25',269),(46,11183,10,26,1,'26',270),(46,11183,10,27,1,'27',271),(46,11183,10,28,1,'28',272),(46,11183,10,29,1,'29',273),(46,11183,10,30,1,'30',274),(46,11184,10,1,1,'78',275),(46,11184,10,2,1,'78',276),(46,11184,10,3,1,'78',277),(46,11184,10,4,1,'8',278),(46,11184,10,5,1,'78',279),(46,11184,10,6,1,'87',280),(46,11184,10,7,1,'8',281),(46,11184,10,8,1,'87',282),(46,11184,10,9,1,'8',283),(46,11184,10,10,1,'8',284),(46,11184,10,11,1,'9',285),(46,11184,10,12,1,'',286),(46,11184,10,13,1,'9',287),(46,11184,10,14,1,'78',288),(46,11184,10,15,1,'87',289),(46,11184,10,16,1,'7',290),(46,11184,10,17,1,'78',291),(46,11184,10,18,1,'8',292),(46,11184,10,19,1,'7878',293),(46,11184,10,20,1,'87',294),(46,11184,10,21,1,'87',295),(46,11184,10,22,1,'87',296),(46,11184,10,23,1,'87',297),(46,11184,10,24,1,'87',298),(46,11184,10,25,1,'87',299),(46,11184,10,26,1,'87',300),(46,11184,10,27,1,'87',301),(46,11184,10,28,1,'8787',302),(46,11184,10,29,1,'',303),(46,11184,10,30,1,'87',304),(46,11188,10,1,1,'1',305),(46,11188,10,2,1,'2',306),(46,11188,10,3,1,'3',307),(46,11188,10,4,1,'4',308),(46,11188,10,5,1,'5',309),(46,11188,10,6,1,'6',310),(46,11188,10,7,1,'7',311),(46,11188,10,8,1,'8',312),(46,11188,10,9,1,'8',313),(46,11188,10,10,1,'91',314),(46,11188,10,11,1,'01',315),(46,11188,10,12,1,'10',316),(46,11188,10,13,1,'01',317),(46,11188,10,14,1,'0102',318),(46,11188,10,15,1,'1029',319),(46,11188,10,16,1,'012',320),(46,11188,10,17,1,'020',321),(46,11188,10,18,1,'92',322),(46,11188,10,19,1,'129',323),(46,11188,10,20,1,'0',324),(46,11188,10,21,1,'290',325),(46,11188,10,22,1,'191',326),(46,11188,10,23,1,'99',327),(46,11188,10,24,1,'20',328),(46,11188,10,25,1,'10',329),(46,11188,10,26,1,'0',330),(46,11188,10,27,1,'10',331),(46,11188,10,28,1,'1290',332),(46,11188,10,29,1,'1290',333),(46,11188,10,30,1,'1',334),(46,11189,10,1,1,'8',335),(46,11189,10,2,1,'9',336),(46,11189,10,3,1,'89',337),(46,11189,10,4,1,'98',338),(46,11189,10,5,1,'9',339),(46,11189,10,6,1,'89',340),(46,11189,10,7,1,'89',341),(46,11189,10,8,1,'9',342),(46,11189,10,9,1,'',343),(46,11189,10,10,1,'898',344),(46,11189,10,11,1,'98',345),(46,11189,10,12,1,'98',346),(46,11189,10,13,1,'989',347),(46,11189,10,14,1,'9',348),(46,11189,10,15,1,'89',349),(46,11189,10,16,1,'9',350),(46,11189,10,17,1,'89',351),(46,11189,10,18,1,'89',352),(46,11189,10,19,1,'89',353),(46,11189,10,20,1,'89',354),(46,11189,10,21,1,'89',355),(46,11189,10,22,1,'89',356),(46,11189,10,23,1,'89',357),(46,11189,10,24,1,'89',358),(46,11189,10,25,1,'89',359),(46,11189,10,26,1,'89',360),(46,11189,10,27,1,'9',361),(46,11189,10,28,1,'',362),(46,11189,10,29,1,'',363),(46,11189,10,30,1,'',364),(46,11183,10,1,2,'8',365),(46,11188,12,1,2,'1',366),(46,11188,12,2,2,'2',367),(46,11189,12,1,2,'1',368),(46,11189,12,2,2,'2',369),(46,11188,12,1,3,'1',370),(46,11188,12,2,3,'2',371),(46,11189,12,1,3,'1',372),(46,11189,12,2,3,'2',373),(46,11188,12,1,4,'1',374),(46,11188,12,2,4,'2',375),(46,11189,12,1,4,'1',376),(46,11189,12,2,4,'2',377),(46,11188,12,1,5,'1',378),(46,11188,12,2,5,'2',379),(46,11189,12,1,5,'1',380),(46,11189,12,2,5,'2',381),(46,11183,13,1,2,'1',382),(46,11183,13,2,2,'3',383),(46,11189,13,1,2,'1',384),(46,11189,13,2,2,'2',385),(46,11188,13,1,2,'1',386),(46,11188,13,2,2,'3',387),(46,0,10,1,2,'2',388),(46,11183,10,1,3,'8',389),(46,11183,10,2,3,'8',390),(47,11184,10,1,7,'1',391),(47,11184,10,2,7,'2',392),(47,11184,10,3,7,'3',393),(47,11184,10,1,8,'1',394),(47,11184,10,2,8,'2',395),(47,11184,10,3,8,'3',396),(47,11184,10,1,9,'7',397),(47,11184,10,2,9,'8',398),(47,11184,10,3,9,'9',399),(47,11184,10,1,10,'1',400),(47,11184,10,2,10,'2',401),(47,11184,10,3,10,'3',402),(47,11184,10,1,11,'13',403),(47,11184,10,2,11,'14',404),(47,11184,10,3,11,'15',405),(47,11188,10,1,7,'1',406),(47,11188,10,2,7,'2',407),(47,11188,10,3,7,'3',408),(47,11188,10,1,8,'4',409),(47,11188,10,2,8,'5',410),(47,11188,10,3,8,'6',411),(47,11188,10,1,9,'7',412),(47,11188,10,2,9,'8',413),(47,11188,10,3,9,'9',414),(47,11188,10,1,10,'10',415),(47,11188,10,2,10,'11',416),(47,11188,10,3,10,'12',417),(47,11188,10,1,11,'13',418),(47,11188,10,2,11,'14',419),(47,11188,10,3,11,'14',420),(47,11183,10,1,7,'1',421),(47,11183,10,2,7,'2',422),(47,11183,10,3,7,'sdflkjsfkjlsadfksahfksadf',423);
/*!40000 ALTER TABLE `grader_responses` ENABLE KEYS */;
UNLOCK TABLES;

--
-- Table structure for table `grader_responses_team`
--

DROP TABLE IF EXISTS `grader_responses_team`;
/*!40101 SET @saved_cs_client     = @@character_set_client */;
/*!40101 SET character_set_client = utf8 */;
CREATE TABLE `grader_responses_team` (
  `CID` int(11) NOT NULL,
  `SCID` int(11) NOT NULL,
  `UID` int(11) NOT NULL,
  `problem_number` int(11) NOT NULL,
  `RNDID` int(11) NOT NULL,
  `answer` varchar(100) DEFAULT NULL,
  `points` int(11) NOT NULL,
  `TRID` int(11) NOT NULL AUTO_INCREMENT,
  PRIMARY KEY (`TRID`)
) ENGINE=InnoDB AUTO_INCREMENT=244 DEFAULT CHARSET=latin1;
/*!40101 SET character_set_client = @saved_cs_client */;

--
-- Dumping data for table `grader_responses_team`
--

LOCK TABLES `grader_responses_team` WRITE;
/*!40000 ALTER TABLE `grader_responses_team` DISABLE KEYS */;
INSERT INTO `grader_responses_team` VALUES (45,743,12,1,6,'7',0,81),(45,743,12,2,6,'87',0,82),(45,743,12,3,6,'87',0,83),(45,743,12,4,6,'87',0,84),(45,743,12,5,6,'',0,85),(45,743,12,6,6,'',0,86),(45,743,12,7,6,'',0,87),(45,743,12,8,6,'',0,88),(45,743,12,9,6,'',0,89),(45,743,12,10,6,'',0,90),(45,743,10,1,6,'78',0,91),(45,743,10,2,6,'7',0,92),(45,743,10,3,6,'87',0,93),(45,743,10,4,6,'87',0,94),(45,743,10,5,6,'87',0,95),(45,743,10,6,6,'87',0,96),(45,743,10,7,6,'87',0,97),(45,743,10,8,6,'87',0,98),(45,743,10,9,6,'8',0,99),(45,743,10,10,6,'78',0,100),(45,742,10,1,6,'',0,101),(45,742,10,2,6,'45',0,102),(45,742,10,3,6,'45',0,103),(45,742,10,4,6,'4',0,104),(45,742,10,5,6,'5',0,105),(45,742,10,6,6,'54',0,106),(45,742,10,7,6,'',0,107),(45,742,10,8,6,'',0,108),(45,742,10,9,6,'',0,109),(45,742,10,10,6,'',0,110),(45,742,12,1,6,'kjgh',0,111),(45,742,12,2,6,'hj',0,112),(45,742,12,3,6,'ghjg',0,113),(45,742,12,4,6,'jhg',0,114),(45,742,12,5,6,'hg',0,115),(45,742,12,6,6,'hjg',0,116),(45,742,12,7,6,'hj',0,117),(45,742,12,8,6,'',0,118),(45,742,12,9,6,'',0,119),(45,742,12,10,6,'',0,120),(45,742,12,1,6,'hg',0,121),(45,742,12,2,6,'jh',0,122),(45,742,12,3,6,'gjh',0,123),(45,742,12,4,6,'ghj',0,124),(45,742,12,5,6,'ghj',0,125),(45,742,12,6,6,'g',0,126),(45,742,12,7,6,'',0,127),(45,742,10,1,6,'kjh',0,128),(45,742,10,2,6,'jh',0,129),(45,742,10,3,6,'kj',0,130),(45,742,10,4,6,'h',0,131),(45,742,10,5,6,'',0,132),(45,742,10,6,6,'',0,133),(45,742,10,1,6,'jh',0,134),(45,742,10,2,6,'gjh',0,135),(45,742,10,3,6,'g',0,136),(45,742,10,4,6,'jhg',0,137),(45,742,10,5,6,'jhg',0,138),(45,742,10,1,6,'i6',0,139),(45,742,10,2,6,'87',0,140),(45,742,10,3,6,'987',0,141),(45,742,10,4,6,'876',0,142),(45,742,10,5,6,'87',0,143),(45,742,10,1,6,'ku',0,144),(45,742,10,2,6,'hjh',0,145),(45,742,10,3,6,'gjk',0,146),(45,742,10,4,6,'hj',0,147),(45,742,10,5,6,'g',0,148),(45,742,10,6,6,'hjgh',0,149),(45,742,10,7,6,'j',0,150),(45,742,10,1,6,'789',0,151),(45,742,10,2,6,'789',0,152),(45,742,10,3,6,'78',0,153),(45,742,10,4,6,'97',0,154),(45,742,10,5,6,'89',0,155),(45,742,10,6,6,'789',0,156),(45,742,10,7,6,'78',0,157),(45,742,10,8,6,'97',0,158),(45,742,10,9,6,'8',0,159),(45,742,10,2,6,'798',0,160),(45,742,10,3,6,'9',0,161),(45,742,10,4,6,'78',0,162),(45,742,10,5,6,'978',0,163),(45,742,10,6,6,'9789',0,164),(45,742,10,8,6,'978',0,165),(45,742,10,9,6,'97',0,166),(45,742,10,10,6,'897',0,167),(45,742,10,1,6,'heheheh',0,168),(45,742,10,2,6,'heh',0,169),(45,742,10,3,6,'eh',0,170),(45,742,10,4,6,'he',0,171),(45,742,10,5,6,'eh',0,172),(45,742,10,6,6,'eh',0,173),(45,742,10,7,6,'e',0,174),(45,743,10,1,6,'8',0,175),(45,743,10,2,6,'q7',0,176),(45,743,10,3,6,'q',0,177),(45,743,10,4,6,'q',0,178),(45,743,10,5,6,'',0,179),(45,743,10,6,6,'',0,180),(45,743,10,7,6,'',0,181),(45,743,10,8,6,'',0,182),(45,743,10,9,6,'',0,183),(45,743,10,10,6,'',0,184),(46,741,10,1,6,'8',0,185),(46,741,10,1,6,'7',0,186),(46,741,10,2,6,'7',0,187),(46,741,10,3,6,'7',0,188),(46,741,10,4,6,'7',0,189),(46,741,10,5,6,'7',0,190),(46,741,10,6,6,'7',0,191),(46,741,10,7,6,'7',0,192),(46,741,10,8,6,'7',0,193),(46,741,10,9,6,'7',0,194),(46,741,10,10,6,'7',0,195),(46,741,10,1,6,'',0,196),(46,741,10,2,6,'8',0,197),(46,741,10,3,6,'98',0,198),(46,741,10,4,6,'9',0,199),(46,741,10,5,6,'9',0,200),(46,741,10,6,6,'89',0,201),(46,741,10,7,6,'89',0,202),(46,741,10,8,6,'9',0,203),(46,741,10,9,6,'89',0,204),(46,741,10,10,6,'',0,205),(46,743,10,1,6,'',0,206),(46,743,10,2,6,'78',0,207),(46,743,10,3,6,'78',0,208),(46,743,10,4,6,'8',0,209),(46,743,10,5,6,'78',0,210),(46,743,10,6,6,'7',0,211),(46,743,10,7,6,'87',0,212),(46,743,10,8,6,'87',0,213),(46,743,10,9,6,'8',0,214),(46,743,10,10,6,'',0,215),(47,741,10,1,12,'1',0,216),(47,741,10,2,12,'2',0,217),(47,741,10,3,12,'3',0,218),(47,741,10,4,12,'4',0,219),(47,741,10,5,12,'5',0,220),(47,741,10,6,12,'6',0,221),(47,741,10,7,12,'6',0,222),(47,741,10,8,12,'6',0,223),(47,741,10,9,12,'6',0,224),(47,743,10,1,12,'1',0,225),(47,743,10,2,12,'2',0,226),(47,743,10,3,12,'3',0,227),(47,743,10,4,12,'4',0,228),(47,743,10,5,12,'5',0,229),(47,743,10,6,12,'6',0,230),(47,743,10,7,12,'7',0,231),(47,743,10,8,12,'8',0,232),(47,743,10,9,12,'8',0,233),(47,743,10,9,12,'9',0,234),(47,742,10,1,12,'1',0,235),(47,742,10,2,12,'2',0,236),(47,742,10,3,12,'3',0,237),(47,742,10,4,12,'4',0,238),(47,742,10,5,12,'5',0,239),(47,742,10,6,12,'6',0,240),(47,742,10,7,12,'7',0,241),(47,742,10,8,12,'8',0,242),(47,742,10,9,12,'9',0,243);
/*!40000 ALTER TABLE `grader_responses_team` ENABLE KEYS */;
UNLOCK TABLES;

--
-- Table structure for table `grading_conflicts`
--

DROP TABLE IF EXISTS `grading_conflicts`;
/*!40101 SET @saved_cs_client     = @@character_set_client */;
/*!40101 SET character_set_client = utf8 */;
CREATE TABLE `grading_conflicts` (
  `CID` int(11) NOT NULL,
  `SID` int(11) NOT NULL,
  `problem_number` int(11) NOT NULL,
  `RNDID` int(11) NOT NULL,
  `COID` int(11) NOT NULL AUTO_INCREMENT,
  PRIMARY KEY (`COID`)
) ENGINE=InnoDB AUTO_INCREMENT=83 DEFAULT CHARSET=latin1;
/*!40101 SET character_set_client = @saved_cs_client */;

--
-- Dumping data for table `grading_conflicts`
--

LOCK TABLES `grading_conflicts` WRITE;
/*!40000 ALTER TABLE `grading_conflicts` DISABLE KEYS */;
INSERT INTO `grading_conflicts` VALUES (45,11188,3,1,67),(45,11188,5,1,69),(45,11188,1,1,70),(45,11188,2,1,71),(45,11188,4,1,72),(45,11192,2,1,73),(45,11192,3,1,74),(45,11192,4,1,75),(45,11192,5,1,76),(45,11192,6,1,77),(45,11192,7,1,78),(45,11192,9,1,80),(45,11192,1,1,81),(45,11192,8,1,82);
/*!40000 ALTER TABLE `grading_conflicts` ENABLE KEYS */;
UNLOCK TABLES;

--
-- Table structure for table `grading_conflicts_team`
--

DROP TABLE IF EXISTS `grading_conflicts_team`;
/*!40101 SET @saved_cs_client     = @@character_set_client */;
/*!40101 SET character_set_client = utf8 */;
CREATE TABLE `grading_conflicts_team` (
  `CID` int(11) NOT NULL,
  `SCID` int(11) NOT NULL,
  `problem_number` int(11) NOT NULL,
  `RNDID` int(11) NOT NULL,
  `TCID` int(11) NOT NULL AUTO_INCREMENT,
  PRIMARY KEY (`TCID`)
) ENGINE=InnoDB AUTO_INCREMENT=26 DEFAULT CHARSET=latin1;
/*!40101 SET character_set_client = @saved_cs_client */;

--
-- Dumping data for table `grading_conflicts_team`
--

LOCK TABLES `grading_conflicts_team` WRITE;
/*!40000 ALTER TABLE `grading_conflicts_team` DISABLE KEYS */;
INSERT INTO `grading_conflicts_team` VALUES (45,743,1,6,5),(45,743,2,6,6),(45,743,3,6,7),(45,743,4,6,8),(45,743,5,6,9),(45,743,6,6,10),(45,743,7,6,11),(45,743,8,6,12),(45,743,9,6,13),(45,743,10,6,14),(45,742,1,6,15),(45,742,2,6,16),(45,742,3,6,17),(45,742,4,6,18),(45,742,5,6,19),(45,742,6,6,20),(45,742,7,6,21),(45,742,8,6,22),(45,742,9,6,23),(45,742,10,6,24);
/*!40000 ALTER TABLE `grading_conflicts_team` ENABLE KEYS */;
UNLOCK TABLES;

--
-- Table structure for table `mathlete_info`
--

DROP TABLE IF EXISTS `mathlete_info`;
/*!40101 SET @saved_cs_client     = @@character_set_client */;
/*!40101 SET character_set_client = utf8 */;
CREATE TABLE `mathlete_info` (
  `SID` int(11) NOT NULL AUTO_INCREMENT,
  `SCID` int(11) NOT NULL,
  `last_name` varchar(100) NOT NULL,
  `first_name` varchar(100) NOT NULL,
  `nickname` varchar(100) DEFAULT NULL,
  `gender` enum('Male','Female','Other') DEFAULT NULL,
  PRIMARY KEY (`SID`)
) ENGINE=InnoDB AUTO_INCREMENT=11196 DEFAULT CHARSET=latin1;
/*!40101 SET character_set_client = @saved_cs_client */;

--
-- Dumping data for table `mathlete_info`
--

LOCK TABLES `mathlete_info` WRITE;
/*!40000 ALTER TABLE `mathlete_info` DISABLE KEYS */;
INSERT INTO `mathlete_info` VALUES (11183,741,'Kearl','Bob','','Male'),(11184,741,'Obama','Barack','','Male'),(11185,741,'Trump','Donald','','Male'),(11186,741,'Note','Death','','Female'),(11187,741,'Note','Life','','Female'),(11188,743,'Nope','Hmm','','Male'),(11189,743,'Why','Ok','','Other'),(11190,743,'Else','If','','Female'),(11191,743,'Catch','Try','','Male'),(11192,742,'Bob','Kanto','','Male'),(11193,742,'If','What','','Female'),(11194,742,'Now','What','','Female'),(11195,742,'Left','Nothing ','','Male');
/*!40000 ALTER TABLE `mathlete_info` ENABLE KEYS */;
UNLOCK TABLES;

--
-- Table structure for table `mathlete_scores`
--

DROP TABLE IF EXISTS `mathlete_scores`;
/*!40101 SET @saved_cs_client     = @@character_set_client */;
/*!40101 SET character_set_client = utf8 */;
CREATE TABLE `mathlete_scores` (
  `SID` int(11) NOT NULL,
  `CID` int(11) NOT NULL,
  `sprint_raw` int(11) NOT NULL,
  `target_raw1` int(11) NOT NULL,
  `target_raw2` int(11) NOT NULL,
  `target_raw3` int(11) NOT NULL,
  `target_raw4` int(11) NOT NULL,
  `target_raw_total` int(11) NOT NULL,
  `main_total` int(11) NOT NULL,
  `mathlete_rank` int(11) NOT NULL
) ENGINE=InnoDB DEFAULT CHARSET=latin1;
/*!40101 SET character_set_client = @saved_cs_client */;

--
-- Dumping data for table `mathlete_scores`
--

LOCK TABLES `mathlete_scores` WRITE;
/*!40000 ALTER TABLE `mathlete_scores` DISABLE KEYS */;
/*!40000 ALTER TABLE `mathlete_scores` ENABLE KEYS */;
UNLOCK TABLES;

--
-- Table structure for table `round`
--

DROP TABLE IF EXISTS `round`;
/*!40101 SET @saved_cs_client     = @@character_set_client */;
/*!40101 SET character_set_client = utf8 */;
CREATE TABLE `round` (
  `CTID` int(11) NOT NULL,
  `RNDID` int(11) NOT NULL AUTO_INCREMENT,
  `num_questions` int(11) NOT NULL,
  `points_per_question` int(11) NOT NULL,
  `round_name` varchar(100) DEFAULT NULL,
  `indiv` tinyint(1) NOT NULL,
  PRIMARY KEY (`RNDID`)
) ENGINE=InnoDB AUTO_INCREMENT=13 DEFAULT CHARSET=latin1;
/*!40101 SET character_set_client = @saved_cs_client */;

--
-- Dumping data for table `round`
--

LOCK TABLES `round` WRITE;
/*!40000 ALTER TABLE `round` DISABLE KEYS */;
INSERT INTO `round` VALUES (1,1,30,1,'Sprint Round',1),(1,2,2,2,'Target, Round 1',1),(1,3,2,2,'Target, Round 2',1),(1,4,2,2,'Target, Round 3',1),(1,5,2,2,'Target, Round 4',1),(1,6,10,2,'Team Round',0),(2,7,3,2,'Individual 1',1),(2,8,3,2,'Individual 2',1),(2,9,3,2,'Individual 3',1),(2,10,3,2,'Individual 4',1),(2,11,3,2,'Individual 5',1),(2,12,9,4,'Team',0);
/*!40000 ALTER TABLE `round` ENABLE KEYS */;
UNLOCK TABLES;

--
-- Table structure for table `school_info`
--

DROP TABLE IF EXISTS `school_info`;
/*!40101 SET @saved_cs_client     = @@character_set_client */;
/*!40101 SET character_set_client = utf8 */;
CREATE TABLE `school_info` (
  `SCID` int(11) NOT NULL AUTO_INCREMENT,
  `team_name` varchar(100) NOT NULL,
  `town` varchar(100) NOT NULL,
  `coach` varchar(100) NOT NULL,
  `address` varchar(100) NOT NULL,
  `contact_email` varchar(100) NOT NULL,
  PRIMARY KEY (`SCID`)
) ENGINE=InnoDB AUTO_INCREMENT=744 DEFAULT CHARSET=latin1;
/*!40101 SET character_set_client = @saved_cs_client */;

--
-- Dumping data for table `school_info`
--

LOCK TABLES `school_info` WRITE;
/*!40000 ALTER TABLE `school_info` DISABLE KEYS */;
INSERT INTO `school_info` VALUES (741,'Rampaging Rams','Ram town','Rammy ram','rams','rams@rams.com'),(742,'Yellow Yaks','Yellow town','Brochie','23 Yellow Street','yello@w.com'),(743,'Precise Penguins','Towny','penguins','89 bob street','penguins@pen.com');
/*!40000 ALTER TABLE `school_info` ENABLE KEYS */;
UNLOCK TABLES;

--
-- Table structure for table `student_answers`
--

DROP TABLE IF EXISTS `student_answers`;
/*!40101 SET @saved_cs_client     = @@character_set_client */;
/*!40101 SET character_set_client = utf8 */;
CREATE TABLE `student_answers` (
  `CID` int(11) NOT NULL,
  `SID` int(11) NOT NULL,
  `problem_number` int(11) NOT NULL,
  `RNDID` int(11) NOT NULL,
  `answer` varchar(100) DEFAULT NULL,
  `points` int(11) DEFAULT NULL
) ENGINE=InnoDB DEFAULT CHARSET=latin1;
/*!40101 SET character_set_client = @saved_cs_client */;

--
-- Dumping data for table `student_answers`
--

LOCK TABLES `student_answers` WRITE;
/*!40000 ALTER TABLE `student_answers` DISABLE KEYS */;
INSERT INTO `student_answers` VALUES (45,11184,1,1,'7',0),(45,11184,2,1,'7',0),(45,11184,3,1,'7',1),(45,11184,4,1,'',0),(45,11184,5,1,'',0),(45,11184,6,1,'',0),(45,11184,7,1,'',0),(45,11184,8,1,'',0),(45,11184,9,1,'',0),(45,11184,10,1,'',0),(45,11184,11,1,'',0),(45,11184,12,1,'',0),(45,11184,13,1,'',0),(45,11184,14,1,'',0),(45,11184,15,1,'',0),(45,11184,16,1,'',0),(45,11184,17,1,'',0),(45,11184,18,1,'',0),(45,11184,19,1,'',0),(45,11184,20,1,'',0),(45,11184,21,1,'',0),(45,11184,22,1,'',0),(45,11184,23,1,'',0),(45,11184,24,1,'',0),(45,11184,25,1,'',0),(45,11184,26,1,'',0),(45,11184,27,1,'',0),(45,11184,28,1,'',0),(45,11184,29,1,'',0),(45,11184,30,1,'',0),(45,11185,1,3,'7',0),(45,11185,2,3,'7',0),(45,11188,6,1,'',0),(45,11188,7,1,'',0),(45,11188,8,1,'',0),(45,11188,9,1,'',0),(45,11188,10,1,'',0),(45,11188,11,1,'',0),(45,11188,12,1,'',0),(45,11188,13,1,'',0),(45,11188,14,1,'',0),(45,11188,15,1,'',0),(45,11188,16,1,'',0),(45,11188,17,1,'',0),(45,11188,18,1,'',0),(45,11188,19,1,'',0),(45,11188,20,1,'',0),(45,11188,21,1,'',0),(45,11188,22,1,'',0),(45,11188,23,1,'',0),(45,11188,24,1,'',0),(45,11188,25,1,'',0),(45,11188,26,1,'',0),(45,11188,27,1,'',0),(45,11188,28,1,'',0),(45,11188,29,1,'',0),(45,11188,30,1,'',0),(45,11188,1,1,'7878787878',0),(45,11188,2,1,'78',0),(45,11188,3,1,'7',1),(45,11188,4,1,'8',0),(45,11188,5,1,'',0),(45,11192,10,1,'',0),(45,11192,11,1,'',0),(45,11192,12,1,'',0),(45,11192,13,1,'',0),(45,11192,14,1,'',0),(45,11192,15,1,'',0),(45,11192,16,1,'',0),(45,11192,17,1,'',0),(45,11192,18,1,'',0),(45,11192,19,1,'',0),(45,11192,20,1,'',0),(45,11192,21,1,'',0),(45,11192,22,1,'',0),(45,11192,23,1,'',0),(45,11192,24,1,'',0),(45,11192,25,1,'',0),(45,11192,26,1,'',0),(45,11192,27,1,'',0),(45,11192,28,1,'',0),(45,11192,29,1,'',0),(45,11192,30,1,'',0),(45,11195,1,4,'7',0),(45,11195,2,4,'7',2),(45,11186,1,3,'8',0),(45,11186,2,3,'8',0),(46,11183,3,1,'3',1),(46,11183,4,1,'4',1),(46,11183,5,1,'5',1),(46,11183,6,1,'5',0),(46,11183,7,1,'5',0),(46,11183,8,1,'5',0),(46,11183,9,1,'6',0),(46,11183,10,1,'10',1),(46,11183,11,1,'1',0),(46,11183,12,1,'12',1),(46,11183,13,1,'13',1),(46,11183,14,1,'14',1),(46,11183,15,1,'15',1),(46,11183,16,1,'16',1),(46,11183,17,1,'17',1),(46,11183,18,1,'18',1),(46,11183,19,1,'19',1),(46,11183,20,1,'20',1),(46,11183,21,1,'21',1),(46,11183,22,1,'22',1),(46,11183,23,1,'23',1),(46,11183,24,1,'24',1),(46,11183,25,1,'25',1),(46,11183,26,1,'26',1),(46,11183,27,1,'27',1),(46,11183,28,1,'28',1),(46,11183,29,1,'29',1),(46,11183,30,1,'30',1),(46,11184,1,1,'78',0),(46,11184,2,1,'78',0),(46,11184,3,1,'78',0),(46,11184,4,1,'8',0),(46,11184,5,1,'78',0),(46,11184,6,1,'87',0),(46,11184,7,1,'8',0),(46,11184,8,1,'87',0),(46,11184,9,1,'8',0),(46,11184,10,1,'8',0),(46,11184,11,1,'9',0),(46,11184,12,1,'',0),(46,11184,13,1,'9',0),(46,11184,14,1,'78',0),(46,11184,15,1,'87',0),(46,11184,16,1,'7',0),(46,11184,17,1,'78',0),(46,11184,18,1,'8',0),(46,11184,19,1,'7878',0),(46,11184,20,1,'87',0),(46,11184,21,1,'87',0),(46,11184,22,1,'87',0),(46,11184,23,1,'87',0),(46,11184,24,1,'87',0),(46,11184,25,1,'87',0),(46,11184,26,1,'87',0),(46,11184,27,1,'87',0),(46,11184,28,1,'8787',0),(46,11184,29,1,'',0),(46,11184,30,1,'87',0),(46,11188,1,1,'1',1),(46,11188,2,1,'2',1),(46,11188,3,1,'3',1),(46,11188,4,1,'4',1),(46,11188,5,1,'5',1),(46,11188,6,1,'6',1),(46,11188,7,1,'7',1),(46,11188,8,1,'8',1),(46,11188,9,1,'8',0),(46,11188,10,1,'91',0),(46,11188,11,1,'01',0),(46,11188,12,1,'10',0),(46,11188,13,1,'01',0),(46,11188,14,1,'0102',0),(46,11188,15,1,'1029',0),(46,11188,16,1,'012',0),(46,11188,17,1,'020',0),(46,11188,18,1,'92',0),(46,11188,19,1,'129',0),(46,11188,20,1,'0',0),(46,11188,21,1,'290',0),(46,11188,22,1,'191',0),(46,11188,23,1,'99',0),(46,11188,24,1,'20',0),(46,11188,25,1,'10',0),(46,11188,26,1,'0',0),(46,11188,27,1,'10',0),(46,11188,28,1,'1290',0),(46,11188,29,1,'1290',0),(46,11188,30,1,'1',0),(46,11189,1,1,'8',0),(46,11189,2,1,'9',0),(46,11189,3,1,'89',0),(46,11189,4,1,'98',0),(46,11189,5,1,'9',0),(46,11189,6,1,'89',0),(46,11189,7,1,'89',0),(46,11189,8,1,'9',0),(46,11189,9,1,'',0),(46,11189,10,1,'898',0),(46,11189,11,1,'98',0),(46,11189,12,1,'98',0),(46,11189,13,1,'989',0),(46,11189,14,1,'9',0),(46,11189,15,1,'89',0),(46,11189,16,1,'9',0),(46,11189,17,1,'89',0),(46,11189,18,1,'89',0),(46,11189,19,1,'89',0),(46,11189,20,1,'89',0),(46,11189,21,1,'89',0),(46,11189,22,1,'89',0),(46,11189,23,1,'89',0),(46,11189,24,1,'89',0),(46,11189,25,1,'89',0),(46,11189,26,1,'89',0),(46,11189,27,1,'9',0),(46,11189,28,1,'',0),(46,11189,29,1,'',0),(46,11189,30,1,'',0),(46,11183,2,1,'2',1),(46,11183,1,1,'1',1),(46,11189,1,2,'1',2),(46,11189,2,2,'2',2),(46,11188,1,2,'1',2),(46,11183,1,2,'2',0),(46,11188,2,2,'2',2),(46,11183,1,3,'8',0),(46,11183,2,3,'8',0),(47,11184,1,7,'1',2),(47,11184,1,8,'4',2),(47,11184,2,8,'2',0),(47,11184,3,8,'3',0),(47,11184,1,9,'7',2),(47,11184,2,9,'8',2),(47,11184,3,9,'9',2),(47,11184,1,10,'1',0),(47,11184,2,10,'2',0),(47,11184,3,10,'3',0),(47,11184,1,11,'13',2),(47,11184,2,11,'14',2),(47,11184,3,11,'15',2),(47,11188,2,7,'2',2),(47,11188,3,7,'3',2),(47,11188,1,8,'4',2),(47,11188,2,8,'5',2),(47,11188,3,8,'6',2),(47,11188,1,9,'7',2),(47,11188,2,9,'8',2),(47,11188,3,9,'9',2),(47,11188,1,10,'10',2),(47,11188,2,10,'11',2),(47,11188,3,10,'12',2),(47,11188,1,11,'13',2),(47,11188,2,11,'14',2),(47,11188,3,11,'14',0),(47,11183,1,7,'1',2),(47,11183,2,7,'2',2),(47,11183,3,7,'sdflkjsfkjlsadfksahfksadf',0),(47,11184,1,8,'123',0),(47,11184,1,7,'123',0),(47,11184,2,7,'',2),(47,11184,3,7,'2',0);
/*!40000 ALTER TABLE `student_answers` ENABLE KEYS */;
UNLOCK TABLES;

--
-- Table structure for table `student_cleaner`
--

DROP TABLE IF EXISTS `student_cleaner`;
/*!40101 SET @saved_cs_client     = @@character_set_client */;
/*!40101 SET character_set_client = utf8 */;
CREATE TABLE `student_cleaner` (
  `SID` int(11) NOT NULL,
  `CID` int(11) NOT NULL,
  `RNDID` int(11) NOT NULL,
  `raw` int(11) NOT NULL
) ENGINE=InnoDB DEFAULT CHARSET=latin1;
/*!40101 SET character_set_client = @saved_cs_client */;

--
-- Dumping data for table `student_cleaner`
--

LOCK TABLES `student_cleaner` WRITE;
/*!40000 ALTER TABLE `student_cleaner` DISABLE KEYS */;
INSERT INTO `student_cleaner` VALUES (11184,45,1,1),(11185,45,3,0),(11188,45,1,0),(11192,45,1,0),(11186,45,3,0),(11184,46,1,0),(11188,46,1,8),(11189,46,1,0),(11183,46,1,25),(11188,46,2,4),(11189,46,2,4),(11188,46,3,0),(11189,46,3,0),(11188,46,4,0),(11189,46,4,0),(11188,46,5,0),(11189,46,5,0),(11183,46,2,0),(11183,46,3,0),(11184,47,7,4),(11184,47,8,2),(11184,47,9,6),(11184,47,10,0),(11184,47,11,6),(11188,47,7,4),(11188,47,8,6),(11188,47,9,6),(11188,47,10,6),(11188,47,11,4),(11183,47,7,4);
/*!40000 ALTER TABLE `student_cleaner` ENABLE KEYS */;
UNLOCK TABLES;

--
-- Table structure for table `student_participants`
--

DROP TABLE IF EXISTS `student_participants`;
/*!40101 SET @saved_cs_client     = @@character_set_client */;
/*!40101 SET character_set_client = utf8 */;
CREATE TABLE `student_participants` (
  `CID` int(11) NOT NULL,
  `SID` int(11) NOT NULL,
  `type` enum('regular','alternate') NOT NULL
) ENGINE=InnoDB DEFAULT CHARSET=latin1;
/*!40101 SET character_set_client = @saved_cs_client */;

--
-- Dumping data for table `student_participants`
--

LOCK TABLES `student_participants` WRITE;
/*!40000 ALTER TABLE `student_participants` DISABLE KEYS */;
INSERT INTO `student_participants` VALUES (45,11183,'regular'),(45,11184,'regular'),(45,11185,'regular'),(45,11186,'regular'),(45,11187,'regular'),(45,11188,'regular'),(45,11189,'regular'),(45,11190,'regular'),(45,11192,'regular'),(45,11195,'regular'),(45,11191,'alternate'),(45,11193,'alternate'),(45,11194,'alternate'),(46,11183,'regular'),(46,11184,'regular'),(46,11188,'regular'),(46,11190,'regular'),(46,11189,'alternate'),(46,11191,'alternate'),(47,11184,'regular'),(47,11188,'regular'),(47,11183,'regular'),(47,11185,'regular'),(47,11186,'regular'),(47,11187,'regular'),(47,11189,'regular'),(47,11190,'regular'),(47,11191,'regular'),(47,11192,'regular'),(47,11193,'regular'),(47,11194,'regular'),(47,11195,'regular');
/*!40000 ALTER TABLE `student_participants` ENABLE KEYS */;
UNLOCK TABLES;

--
-- Table structure for table `team_answers`
--

DROP TABLE IF EXISTS `team_answers`;
/*!40101 SET @saved_cs_client     = @@character_set_client */;
/*!40101 SET character_set_client = utf8 */;
CREATE TABLE `team_answers` (
  `CID` int(11) NOT NULL,
  `SCID` int(11) NOT NULL,
  `problem_number` int(11) NOT NULL,
  `RNDID` int(11) NOT NULL,
  `answer` varchar(100) DEFAULT NULL,
  `points` int(11) DEFAULT NULL
) ENGINE=InnoDB DEFAULT CHARSET=latin1;
/*!40101 SET character_set_client = @saved_cs_client */;

--
-- Dumping data for table `team_answers`
--

LOCK TABLES `team_answers` WRITE;
/*!40000 ALTER TABLE `team_answers` DISABLE KEYS */;
INSERT INTO `team_answers` VALUES (45,742,1,6,'heheheh',0),(45,742,2,6,'heh',0),(45,742,3,6,'eh',0),(45,742,4,6,'he',0),(45,742,5,6,'eh',0),(45,742,6,6,'eh',0),(45,742,7,6,'e',0),(45,742,8,6,'',0),(45,742,9,6,'',0),(45,742,10,6,'',0),(46,741,1,6,'8',2),(46,741,2,6,'7',0),(46,741,3,6,'7',0),(46,741,4,6,'7',0),(46,741,5,6,'7',0),(46,741,6,6,'7',0),(46,741,7,6,'7',0),(46,741,8,6,'7',0),(46,741,9,6,'7',0),(46,741,10,6,'7',0),(46,743,1,6,'',0),(46,743,2,6,'78',0),(46,743,3,6,'78',0),(46,743,4,6,'8',2),(46,743,5,6,'78',0),(46,743,6,6,'7',0),(46,743,7,6,'87',0),(46,743,8,6,'87',0),(46,743,9,6,'8',2),(46,743,10,6,'',0),(47,741,3,12,'3',4),(47,741,4,12,'4',4),(47,741,5,12,'5',4),(47,741,6,12,'6',4),(47,741,7,12,'6',0),(47,741,8,12,'6',0),(47,741,9,12,'6',0),(47,743,1,12,'1',4),(47,743,2,12,'2',4),(47,743,3,12,'3',4),(47,743,4,12,'4',4),(47,743,5,12,'5',4),(47,743,6,12,'6',4),(47,743,7,12,'7',4),(47,743,8,12,'8',4),(47,741,1,12,'123',0),(47,741,2,12,'',4),(47,742,1,12,'1',4),(47,743,9,12,'9',4),(47,742,2,12,'2',4),(47,742,3,12,'3',4),(47,742,4,12,'4',4),(47,742,5,12,'5',4),(47,742,6,12,'6',4),(47,742,7,12,'7',4),(47,742,8,12,'8',4),(47,742,9,12,'9',4);
/*!40000 ALTER TABLE `team_answers` ENABLE KEYS */;
UNLOCK TABLES;

--
-- Table structure for table `team_cleaner`
--

DROP TABLE IF EXISTS `team_cleaner`;
/*!40101 SET @saved_cs_client     = @@character_set_client */;
/*!40101 SET character_set_client = utf8 */;
CREATE TABLE `team_cleaner` (
  `SCID` int(11) NOT NULL,
  `CID` int(11) NOT NULL,
  `raw` int(11) NOT NULL,
  `RNDID` int(11) NOT NULL
) ENGINE=InnoDB DEFAULT CHARSET=latin1;
/*!40101 SET character_set_client = @saved_cs_client */;

--
-- Dumping data for table `team_cleaner`
--

LOCK TABLES `team_cleaner` WRITE;
/*!40000 ALTER TABLE `team_cleaner` DISABLE KEYS */;
INSERT INTO `team_cleaner` VALUES (743,45,0,6),(742,45,0,6),(741,46,2,6),(743,46,4,6),(741,47,20,12),(743,47,36,12),(742,47,36,12);
/*!40000 ALTER TABLE `team_cleaner` ENABLE KEYS */;
UNLOCK TABLES;

--
-- Table structure for table `user`
--

DROP TABLE IF EXISTS `user`;
/*!40101 SET @saved_cs_client     = @@character_set_client */;
/*!40101 SET character_set_client = utf8 */;
CREATE TABLE `user` (
  `UID` int(11) NOT NULL AUTO_INCREMENT,
  `last_name` varchar(100) DEFAULT NULL,
  `first_name` varchar(100) DEFAULT NULL,
  `email` varchar(100) NOT NULL,
  `password` varchar(100) NOT NULL,
  `SCID` int(11) DEFAULT NULL,
  `type` enum('admin','grader') DEFAULT NULL,
  PRIMARY KEY (`UID`)
) ENGINE=InnoDB AUTO_INCREMENT=15 DEFAULT CHARSET=latin1;
/*!40101 SET character_set_client = @saved_cs_client */;

--
-- Dumping data for table `user`
--

LOCK TABLES `user` WRITE;
/*!40000 ALTER TABLE `user` DISABLE KEYS */;
INSERT INTO `user` VALUES (10,'Bobby','Bob','bob@bob.com','$2y$10$n7eNK6txZTYFYrcXqpGZ0Oq3HPIbs5RftoFdpxSSdTA7WTnhywJB.',0,'admin'),(11,'Grader','First','grader1@grader.com','$2y$10$kFQKuxehCrAG/cRd.XdBHeJgcM9bWYpe6RvwQpcr0YDenSR.qiPYK',742,'grader'),(12,'1','grader','grader@grader.com','$2y$10$QwkVzSVLZZ1vjqlXRoRcBOr9j4zk5KQO6XqbmHD/tNoMUD.mgEiYe',741,'grader'),(13,'2','grader','grader2@grader2.com','$2y$10$ajUFGXxTkfyHdU80tV9bpORUu1GGbyWRfc.uvVn0A1CzuC8ckfUhi',742,'grader'),(14,'Saligrama','Aditya','saligrama427@gmail.com','$2y$10$Ub39z0V2l.8LQRIvR.Zzoe3yVF3wQ8s9MRKvVAnZF1.3Qh8hfY4Ou',0,'admin');
/*!40000 ALTER TABLE `user` ENABLE KEYS */;
UNLOCK TABLES;
/*!40103 SET TIME_ZONE=@OLD_TIME_ZONE */;

/*!40101 SET SQL_MODE=@OLD_SQL_MODE */;
/*!40014 SET FOREIGN_KEY_CHECKS=@OLD_FOREIGN_KEY_CHECKS */;
/*!40014 SET UNIQUE_CHECKS=@OLD_UNIQUE_CHECKS */;
/*!40101 SET CHARACTER_SET_CLIENT=@OLD_CHARACTER_SET_CLIENT */;
/*!40101 SET CHARACTER_SET_RESULTS=@OLD_CHARACTER_SET_RESULTS */;
/*!40101 SET COLLATION_CONNECTION=@OLD_COLLATION_CONNECTION */;
/*!40111 SET SQL_NOTES=@OLD_SQL_NOTES */;

-- Dump completed on 2017-04-06  0:01:17
